relative_path,file_type,class,bytes,sha256,width,height,image_mode
airplane/airplane_0001.png,image/png,airplane,209557,040591543442fd8b575b9a568281730b1541fc43e29da557e7d303678e66d87f,408,578,L
airplane/airplane_0002.png,image/png,airplane,122574,e9fda988c3b8aa3bf2513bd7736e00704a9acb5129c9568b4949ac39e613f944,402,375,L
airplane/airplane_0003.png,image/png,airplane,97812,5fbb30951302326381179a55404cae6806258a56ef629407cbef76fbd379a334,419,268,L
airplane/airplane_0004.png,image/png,airplane,51281,8c5db91d44aec55465ff7d4fe35139249aabca67b9c1a71192b45791dcb20cec,253,247,L
airplane/airplane_0005.png,image/png,airplane,153718,49099dd25aa48be5981fed52bce39a34444c456cf8df7710e56eb8e1134b7434,326,568,L
airplane/airplane_0006.png,image/png,airplane,107643,f0a9133169d8c914202545a80749ebdfd3e7019ed12795a5ada538c6db704d6b,377,343,L
airplane/airplane_0007.png,image/png,airplane,163510,aad3d5e68fd7f42d9f25d390c8e74191f1260f2394b89ebd722a68250ddc1fab,334,534,L
airplane/airplane_0008.png,image/png,airplane,36626,0b5c2a723287e3b9091cabe165a9bd05c1f584611663ab13d2ede27eef868245,224,188,L
airplane/airplane_0009.png,image/png,airplane,126463,8261d08bf637e55241078a939e6d499a2a5001b5cfb9e3fc25e6f3f93b74cab6,335,469,L
airplane/airplane_0010.png,image/png,airplane,159000,c30178bca64340e4da5aaaf58b009de88f6c793f6538b9f1784e8a7451c716f2,442,456,L
airplane/airplane_0011.png,image/png,airplane,50191,d13ebb29f5261e95607870e34b864caec19b60444c1bdc8ccfd8d60835659f52,216,277,L
airplane/airplane_0012.png,image/png,airplane,186193,868cc37e19d6752b22e36c416c6fa747a5681f9be679b3c1c36eb289e05ed3b3,347,605,L
airplane/airplane_0013.png,image/png,airplane,165844,0abd316c5adb725c4eae9a47da46736d2a74130e1cfaf44a1acff025817ec4d7,321,615,L
airplane/airplane_0014.png,image/png,airplane,122026,ddf30c42813d83e5afe17021ddde872ac5e0bbfc7fc594b9417fe8715d82ddfb,515,255,L
airplane/airplane_0015.png,image/png,airplane,97089,c3a5353321827126bc5802ed992b183b254daeda187d0c3e1cb32fa7d494bcf3,484,245,L
airplane/airplane_0016.png,image/png,airplane,235556,7562ba1d3f70fe123420271ebece4130c50450864546e3accf7dfd9474f28552,403,627,L
airplane/airplane_0017.png,image/png,airplane,93987,c6c884d9bdf42cd4715fc000e55c4bde30f4263f0e5b0cfa558c653d7e5a3fea,240,430,L
airplane/airplane_0018.png,image/png,airplane,51473,aa115db48711fbe4e990c963800e50fd73f20c85ac969a5af7a3ab4879995050,259,252,L
airplane/airplane_0019.png,image/png,airplane,144259,fc852f0b44915efa1722e14ab34d9dcf19ba21d1749b7ce04fa4f2ed77f644e6,511,324,L
airplane/airplane_0020.png,image/png,airplane,198311,a1dcc1922a234ffb8e25201b76bd00b3969316658e6ca6b4e136d63a66825759,372,641,L
airplane/airplane_0021.png,image/png,airplane,237924,f14f1585f960a56d1b16e0e19c38f56c5d0f5cbebc7db867a7e8ad80f55491c3,395,646,L
airplane/airplane_0022.png,image/png,airplane,107843,0974a0a0551efc5ae67254c61beb73bd31407ebf23b7917c954c8791f6d2bf53,413,313,L
airplane/airplane_0023.png,image/png,airplane,145248,4feb073bf3a7deaf4cb3fc074c92fe73a2adcb55b554ba0b1b371a0c28ebf3a8,338,468,L
airplane/airplane_0024.png,image/png,airplane,142417,693125c8f20e5ff7b03c94912bdac5472f54022f96aa8ed85e0467a1dfb13cf9,360,427,L
airplane/airplane_0025.png,image/png,airplane,64470,a602430eb78f060055d5a4526cf4cf80cdb27df9d230256508d953ae58a68510,233,286,L
airplane/airplane_0026.png,image/png,airplane,251734,a93504803a1e91746692d6a5380fb23b50a46a84213121d3277f0b0771370fb1,506,616,L
airplane/airplane_0027.png,image/png,airplane,108571,b451ab6b7b431de740e880be5c75c5c0f851ef4cd1fa80f13ba50a4fdc4e6b72,409,282,L
airplane/airplane_0028.png,image/png,airplane,282435,e5ff092c0609edacc40edc2156bf9e64842c246e5b194162c27dd54c812059b3,474,638,L
airplane/airplane_0029.png,image/png,airplane,59588,f0a58fe7c1aa429126f1b888b74e0aeb3d3e709c9178ed6ca2b45bc9f6ca3034,205,365,L
airplane/airplane_0030.png,image/png,airplane,68347,fd1ad50d83592c2c16abf5812d42573816fcf17b0eb01ec2dcad0fc8f065ec79,268,307,L
airplane/airplane_0031.png,image/png,airplane,192603,1b3087ddf6318e2a5b9852f05cf6c954ddca99954bc2f2fdac1dd290d2a202fd,560,497,L
airplane/airplane_0032.png,image/png,airplane,160580,31132c4cc14f24ec8e5902726cf624e6517543b1e89efeca9d3950354efea51b,412,493,L
airplane/airplane_0033.png,image/png,airplane,227824,202fa39479c18034b18edb9fc199e3650bf079400747786eadfafcce321b0773,437,586,L
airplane/airplane_0034.png,image/png,airplane,108526,8d5c5edb23cf1df9926b54ccaf79f3b2324223fdc8b2ad4f07ecac77e78d9097,321,419,L
airplane/airplane_0035.png,image/png,airplane,142463,5046e19d1b7033af7bbc78629ef53e75d1a76f4f5f3cf0d2012286a90c7733ff,391,465,L
airplane/airplane_0036.png,image/png,airplane,115560,0969ee5108667bf59abfc7363bae6b228af1ac81d244af25a4fe5ce11a3d8511,263,454,L
airplane/airplane_0037.png,image/png,airplane,46704,93cdbb6d72ee619cb9fe067a2a9f8a54358aa17824ea8687ee7fcf4e1d3dd110,258,214,L
airplane/airplane_0038.png,image/png,airplane,158676,ef586240e39a080b5767471d70f273ed23e92a3b33c8e6608f7cb0117078bb0e,419,443,L
airplane/airplane_0039.png,image/png,airplane,95345,e751529289f4cc2149521e782a08f3eaa3ef60bd27a3f47e83f431562240102c,328,319,L
airplane/airplane_0040.png,image/png,airplane,133281,4ecb4c6aeebdfd35e98acf616dfa6b6a2c6e8d254fe52302c774ee249116c16e,380,392,L
airplane/airplane_0041.png,image/png,airplane,229644,e06f21e44a269f5b771201897a5252c286c3e7c933bb6b52555228543910090d,502,531,L
airplane/airplane_0042.png,image/png,airplane,89462,2a2237a3826f626ce2f4264b556c382f32db07f2186307ff5e142a29f393ba6a,382,272,L
airplane/airplane_0043.png,image/png,airplane,136075,526aac5dd6f5651fb9a20112bae2860bf94e4489ceb86460cf3afc94504aa96a,438,380,L
airplane/airplane_0044.png,image/png,airplane,113016,e56cfda6e25a3942d35186e61001d2d8ce54c01d2fb45cb96789aeb5110dc684,395,337,L
airplane/airplane_0045.png,image/png,airplane,132972,0df06a12b59dcee2f66b8b2edd44f50cfa7395f6f6c0c3ea7cbdc8da535bcc2d,407,371,L
airplane/airplane_0046.png,image/png,airplane,187420,e5de6929443d0600733b009745a3440ae3e52f958329f0a5a0634ec98c0498b2,354,663,L
airplane/airplane_0047.png,image/png,airplane,96213,c77591cedfda707ff7f784aea5ccf81bdc423ac661d76282fed389d377be8678,303,372,L
airplane/airplane_0048.png,image/png,airplane,135359,527057184ae61ab4daf8522cac5ba39411f2c708d58b10970082958b46d3976b,389,374,L
airplane/airplane_0049.png,image/png,airplane,255643,ae512ad0a7034fa8082b8d6b621c50cf96f298fecc32450d6780c53c7dd2d5e4,556,536,L
airplane/airplane_0050.png,image/png,airplane,40558,dd71a2764665a4f9aa3ed5966d12d82619bf1169e21bbf373d6a859147897c50,234,196,L
airplane/airplane_0051.png,image/png,airplane,123002,d9532963c77cb777fa9ac9bd13ebafb81aaf72408211bf603411b564b1ac817b,334,493,L
airplane/airplane_0052.png,image/png,airplane,42911,55d005e4a6df35d5c01825646046d23b61add523adcd2ab09267b2daacdab634,202,274,L
airplane/airplane_0053.png,image/png,airplane,41109,e8f6af1153d8bf2f4dd4a1268085eda56d82220848ecb97f3dac43b7c399312c,199,235,L
airplane/airplane_0054.png,image/png,airplane,79178,82bb3fe43a92b9139d8c175a52e460410daa89be9519f1e7ff656d76103863c4,297,290,L
airplane/airplane_0055.png,image/png,airplane,55661,f935201e8dfae197d726d684d4bf128073cba4df3c85dfdf8699be7f4d5986c4,182,311,L
airplane/airplane_0056.png,image/png,airplane,287487,f25e2882ab2986d1a2e40e4dee9d672f946daaa9d530da76993e52a0249cc07b,696,456,L
airplane/airplane_0057.png,image/png,airplane,36277,1ccbb759306adb074e187bd8a6563c61e80bf146e95422de4a878455985bb037,292,166,L
airplane/airplane_0058.png,image/png,airplane,102604,15b6601d3925db244497b3071527db31cded61a67d599534509ed19e6ee8e38a,307,409,L
airplane/airplane_0059.png,image/png,airplane,139202,1314e232501e236e4a416903296fa5aead03d9bead821fe53d8c1602dba677cc,288,535,L
airplane/airplane_0060.png,image/png,airplane,151733,c6951be3b10987b226f3a0f4b3a8d51e498d25da72b588c3591f58c4c219e5bb,650,308,L
airplane/airplane_0061.png,image/png,airplane,155793,f29eb6f3823b79aaa7b7493a520173332046cd8b3649efb417ff3dce47f2d45d,366,452,L
airplane/airplane_0062.png,image/png,airplane,60782,e9680010d335ae981238fc42f6b76c13e4646f14f707eb14b52a35424de793b6,273,254,L
airplane/airplane_0063.png,image/png,airplane,155178,6c561c0053d8ba9f0d02606b73d14f1b94f8f31ff849d4846389f23184f84a3f,370,501,L
airplane/airplane_0064.png,image/png,airplane,32303,4925c066b8392362b5ca904fc1c97213697d5cc42e8a014f1f674a3a1a97b2db,207,210,L
airplane/airplane_0065.png,image/png,airplane,98649,cc264114b63a9e0ae6e38605658f669047f1b52e9d3feb14ea602a327b3bbaa3,430,247,L
airplane/airplane_0066.png,image/png,airplane,132599,5a3b9f5630a31379d507bbb763c19c3a4ebe1c9bf4f2591a62f816add882ea92,302,535,L
airplane/airplane_0067.png,image/png,airplane,251641,45a50afd3e5ff7380b4e137f4e5505518e016a7d5eec7a955454b44d67248ce3,529,493,L
airplane/airplane_0068.png,image/png,airplane,156257,a36df13661af093aa08312a4046cd74be5acc144bfb98375004e85d74ea12174,520,358,L
airplane/airplane_0069.png,image/png,airplane,146184,33782fca8d4e1556d414af2b4763c79d4a957bf547d3b1f21c35f0c350fa0e53,459,395,L
airplane/airplane_0070.png,image/png,airplane,315381,aef7268386e7aabc9fa1aea2f2a52d8ebe27047a4721fe00f917290321e8306c,669,512,L
airplane/airplane_0071.png,image/png,airplane,53851,8fe320fbc6897edd3d8b0bd3779e4b560ac7f160bf09f17a037ca1837b68e126,259,255,L
airplane/airplane_0072.png,image/png,airplane,100357,d0e1122dadec4d98629943d0177cee78ebef0d658944f5a098f3bc4ada91b41b,364,294,L
airplane/airplane_0073.png,image/png,airplane,215216,97cd6f08c0b49e271cd09e2447dc4bc14e8c7f0a60e1a7e2a3c7d4ea3984f74c,498,561,L
airplane/airplane_0074.png,image/png,airplane,296824,a18ea1429f06758a50059b49ab9fed1b6a906763f75c84a382d508220eeaa238,464,664,L
airplane/airplane_0075.png,image/png,airplane,120390,258a96926d5e8d7c98e7bf54c9b2e4f023d16fd5a3b7627dcadc74320b20e58d,475,273,L
airplane/airplane_0076.png,image/png,airplane,160944,e6c8b591376646f25b566d5530f7442cc7b8b3c8fe7acdf1ed1995a1333c183e,567,324,L
airplane/airplane_0077.png,image/png,airplane,45122,0aaeccca19773f7b6e268bb2a25ed3c6580577c3102b3264e1768c0eda6a8a60,226,232,L
airplane/airplane_0078.png,image/png,airplane,80135,840fe634054ee5b10fc94fb36e662946610b2fc0060095cd127e516481fffacc,373,253,L
airplane/airplane_0079.png,image/png,airplane,154614,37ba9db709cde7f459442a0310f4d17fc1efebb15d2291d7c041b39710a089a8,403,423,L
airplane/airplane_0080.png,image/png,airplane,160392,c6b106e60588f9295ea3e12f390309fcec7b896e4cc92fadd725f6505c89e928,615,340,L
airplane/airplane_0081.png,image/png,airplane,151886,a67fd0ab8a958e81cd03938cf07f8642907fc330896733aff7153c3068016c3c,515,327,L
airplane/airplane_0082.png,image/png,airplane,212460,6f68a71ba6a87ab8f9e8110a5379207da9d29e1c208498f3f65f0daff758b7d8,540,432,L
airplane/airplane_0083.png,image/png,airplane,204694,184c47f26d6d77c8d83b7b0d64c3a6c076f6966c4c7a61be80a576122ead13e3,690,328,L
airplane/airplane_0084.png,image/png,airplane,180518,4a1970f7650654a2b1a1342f3f48a0359dcffe001d95d9d10a038547bb32cde9,685,321,L
airplane/airplane_0085.png,image/png,airplane,94516,c1fd95ce10ebb4041006ed48d276e65f3d81824ded9381816890e95e3695cf38,380,309,L
airplane/airplane_0086.png,image/png,airplane,227492,3059887e8e1a210ca66d685188226739011d055f5f66a1f94354ac9d592f00af,640,377,L
airplane/airplane_0087.png,image/png,airplane,183357,8b16785e6fe9ceab7b4c4fa513a9c3c21d62171b1b3edfed73e328a94d28a81d,470,474,L
airplane/airplane_0088.png,image/png,airplane,151274,c65407173b5426d2c22aa2a1a2b418b579ab080cc48d676d904b946822c88fef,472,353,L
airplane/airplane_0089.png,image/png,airplane,317984,1d0548e16d38619b0b39469f326cf4ffa4029a21abf7f62888c847f20db56f97,575,575,L
airplane/airplane_0090.png,image/png,airplane,122748,499eb6590cc54d2c3d071dba46277080124b28b554b9898b0f76d50f88556e98,506,300,L
airplane/airplane_labels.csv,text/csv,airplane,12985,b0423330ed661b83e2489e76453a38b701216b80169dff35bf5454e4a0b7c2a9,,,
ship/ship_0091.png,image/png,ship,244858,2bc57a5b4ae1305532fb0d557472b809e0e60430cfebb5055095093b1f0c91cf,489,560,L
ship/ship_0092.png,image/png,ship,181206,a03245b1d8f92f2cfdc10ddfe1df8b28f63d039cc03967e347d2e8049285d793,348,618,L
ship/ship_0093.png,image/png,ship,120220,aa87b589e798db488d7cf24b77a5cee864d33040b3d6675cdf19200e6aad77a3,264,485,L
ship/ship_0094.png,image/png,ship,215747,5cfb0ffeb4ef95ef3e0f6358f48de85c4bf132715dd3cdd46a39e71a8feae13e,581,469,L
ship/ship_0095.png,image/png,ship,301268,1808511d61e3a67e37451a46413be5280f8a70ba07b3fa5556fe02361517c19e,575,651,L
ship/ship_0096.png,image/png,ship,104918,9ea9c104dc9f3989ecb7b6e2c047027c061225c157ef5e5c0c50c61b6ddc6d6e,434,312,L
ship/ship_0097.png,image/png,ship,150951,d53e7068b0b27ad4e9012111ce28092b3156354cd24c49ecaab52831d9856c6b,438,385,L
ship/ship_0098.png,image/png,ship,155722,c05623792bf9190ded40d527970311f686e9910f275a51df7a298cb10e7677d7,548,348,L
ship/ship_0099.png,image/png,ship,141558,73486dbc238eb24069a6a8592a016b57bad9a9ec98beb0e234c931dfc0e08c33,546,303,L
ship/ship_0100.png,image/png,ship,130138,9b001397e9e12a8aec0e5bc50764e2677d523798c0a779361717f5d6d1efb18b,507,306,L
ship/ship_0101.png,image/png,ship,126370,b2760c68f810d9706e6895cd89baf51cbdc16cef7392ea03355622dd03dc0817,463,297,L
ship/ship_0102.png,image/png,ship,139592,92d93689cdf62e1757e1d3a8b32bfb49be9a0812549fab9ae5e00d0c10173074,570,267,L
ship/ship_0103.png,image/png,ship,337319,a690c999dc053ee5807c51d76859cd1d91192c0d9f9f5b975792c22fe91c7ddd,698,608,L
ship/ship_0104.png,image/png,ship,293295,aee04846f6fed7a85b86aa0e53ae01eb568f2aed4c52a1c142a1b278723ce1d9,669,451,L
ship/ship_0105.png,image/png,ship,197123,30e403c21575e2ab865c58732302f3add7b8c5857c314a4eee5a52894f4c6e58,438,644,L
ship/ship_0106.png,image/png,ship,253844,eb042b93c9762343c0dd428944b5cde58a2348bd03500899c094a185e7d55775,437,652,L
ship/ship_0107.png,image/png,ship,311709,7eb8ed2989fed4ef18dfd7653b304a58dd8f928b6d5bbe165b52eaabe929ddfc,576,611,L
ship/ship_0108.png,image/png,ship,292511,b9d17d11057423c3ac9e6eeec3514ed6bc0941d5f97b74791f2f9fcc7f481e3a,664,620,L
ship/ship_0109.png,image/png,ship,170790,c6c7588befef75c62ec5774c7e94bfa8ceeb64ae2de7f2d26af8e208646c0c98,418,438,L
ship/ship_0110.png,image/png,ship,157554,cf8a856df298d12ad03da3fb3ab35d0a36bd4fc0bd3b14406443077229cc894c,432,422,L
ship/ship_0111.png,image/png,ship,230333,51283f1beb38d6d1ef44c7ceefde37b11a961194979a3a30716534560cf5f3b3,434,583,L
ship/ship_0112.png,image/png,ship,135593,17f02bdec1f9de593eebb4343d7eb72e9008bee4c7813d5324e639b24dc1a11f,353,488,L
ship/ship_0113.png,image/png,ship,124591,81521f743b300c630e7dbaf66ef756e9993b75d4f7ad47fa8574189e04aea773,363,366,L
ship/ship_0114.png,image/png,ship,152653,af3814c4f52062d36809b9148bb599c8ff4afdf67a4013856781eff50c6b8e07,502,336,L
ship/ship_0115.png,image/png,ship,160418,ff5b3e7c1d0263636550dcf32da7cc880f5027e2ac42f14383f2068786e8c0b2,421,404,L
ship/ship_0116.png,image/png,ship,188094,7a705568676a266bc31db850756892591b152342fbf2c29d52fb1eafd1684661,444,541,L
ship/ship_0117.png,image/png,ship,203420,a52a219b4a83a5ddc0019e080d1b331c69b01c6633cdaddb86c662e44d1dbbd5,386,553,L
ship/ship_0118.png,image/png,ship,239797,0e708a8b496a9e9df2ba61b08889588b5e11335aab9a82c2bc196d752201c37f,415,599,L
ship/ship_0119.png,image/png,ship,200191,5e4d9015318ddfdd4ba523c137298e9767c7e341d3409bce2fbcc944d84be76c,571,429,L
ship/ship_0120.png,image/png,ship,127504,d71c81e15c3a48459c13a2d4c11e1c700d37d30bff0b1e288a9ddf78514fd1df,302,525,L
ship/ship_0121.png,image/png,ship,134444,a3d9616d2b6a0a7ab1f6934bd77d271a283e14afc167c39e29ee22cefc23826e,490,346,L
ship/ship_0122.png,image/png,ship,203889,5810de46460071ce07578abedc93658349ba4719c47502b1d59823f5c37415f1,626,416,L
ship/ship_0123.png,image/png,ship,132400,cc5b022067c9d7df3382b3337f8ce438cb8a8cb4b6237586b4b03d3b97ef20e3,380,397,L
ship/ship_0124.png,image/png,ship,290885,7c953eaedab593c6a216c77a7cf7780a943dacee17bbbf159de6e1bb4b00236d,545,660,L
ship/ship_0125.png,image/png,ship,216737,1e74ec77933b581f3544b50993234abeed82e0f30e547b47a2715d684a6f02c0,680,377,L
ship/ship_0126.png,image/png,ship,129869,85e5eb568e0ecfd55c0544ea020b5b8c211f67bfea627580a0d8ff6ebfc20ca2,283,493,L
ship/ship_0127.png,image/png,ship,254469,27a12bfae25edf2f73eec70372ec0cec1ba4040fd891a75050ee29bf9cb768e9,625,488,L
ship/ship_0128.png,image/png,ship,218134,ec79e2d837dd8e1909bff318cb8c9896b8ca0df762d5e0b1eb4a79eab1d4e1b1,692,367,L
ship/ship_0129.png,image/png,ship,203193,0066073ed844df2d114befcd56fd77e8d99137ce50a73168ce2818585697eeb0,478,472,L
ship/ship_0130.png,image/png,ship,224059,c684fed8d31f0172dfcb9ee64fac87429be1165ebb5d3ad8a7bd9e856e24da2b,485,533,L
ship/ship_0131.png,image/png,ship,186205,54b7f1a51cfc6a8418ef68efe2bbbb48fc7de4e960c93cd3ca81c92061f32e40,401,512,L
ship/ship_0132.png,image/png,ship,262763,54ff59d51736c5c2a6551e5bfc575bfee7ed390faee228cd232387f3de746e80,461,681,L
ship/ship_0133.png,image/png,ship,155908,17163bd6b764296cbf2b02a354ea92a1d199c4fd8b8ec73c7d41b131dab249e3,567,333,L
ship/ship_0134.png,image/png,ship,112981,cbd410e10d2c4496da9532c17af145eb72f723a152c69fb49f5c27749f72d6b0,398,323,L
ship/ship_0135.png,image/png,ship,233751,6405f5487dd555fae27da63def23db3f204d9004b510313cab9a311211bc9889,506,535,L
ship/ship_0136.png,image/png,ship,250259,a47d9452512005219984b495e44fcf59ee01d12bfe5e5a536c07abb9f9e3e202,534,678,L
ship/ship_0137.png,image/png,ship,112511,d6c93a2b39ce2da8f0d571bc59c37863add06a2b2cbfde5851df3a7478f29163,435,295,L
ship/ship_0138.png,image/png,ship,290931,bec3c7462cb1690d1e03fcb0d78723084ce8ea3d6158ec3e3c688a5dc8a68318,644,489,L
ship/ship_0139.png,image/png,ship,205961,11882d2d52220f3407cd0e754a4e73984e6a80a5e77368559fc21e2ca9f5d3e5,606,374,L
ship/ship_0140.png,image/png,ship,293258,9a85350558362700e72df2d410329e324741d848f239496433e6c3a5db64d0b6,471,684,L
ship/ship_0141.png,image/png,ship,228151,6a306e9021064ed3a5a3f617c766695bbe6cec655482867864102223c19279a6,415,692,L
ship/ship_0142.png,image/png,ship,235282,d9f7b05451c347fda91c36c7b5336d280028d864b15f321016e456fd95a0ed2d,541,461,L
ship/ship_0143.png,image/png,ship,146679,6a374c718df4a6134459d7c788cfd713b4f802e81ea83ac17f4160e19ebeeed7,314,562,L
ship/ship_0144.png,image/png,ship,230505,e87f5e8a136a5884cddc51fa2e2392794f5fa00054c67ff59cbbd53e0323c277,651,383,L
ship/ship_0145.png,image/png,ship,211143,0a37ca9b0a5ee70bbe178291dbaef276c08c21c48e8cd08641d078e038a2d62b,379,628,L
ship/ship_0146.png,image/png,ship,289529,0d824275d29a649cb0929a38352d8c523fb6462878fcfd32819639da2119fc90,508,633,L
ship/ship_0147.png,image/png,ship,232442,a28d24427db4431605c3443ba07e196c4b5eab6a01620459d514684b90d752d9,458,656,L
ship/ship_0148.png,image/png,ship,123978,665d5e7c91d14914438f4d9d7bbfcf89fd324a07fdf874753b2974ef8ff8b910,303,546,L
ship/ship_0149.png,image/png,ship,300947,d08434451e37243288e8bbfc47fafdd8f7819ad9c75d47e6e81c3bd1e78106e7,504,655,L
ship/ship_0150.png,image/png,ship,170037,2c8eb3da616eaa085191340b570377dc6ca2f004a9b9de09c829017e44f6728f,424,495,L
ship/ship_0151.png,image/png,ship,227340,de7a5d59619b0a53aa02ab6440e5d2b1c1026bedee0431de5f326102acbe0a2e,572,428,L
ship/ship_0152.png,image/png,ship,187020,b3895556e25b5a0efb83dd6cbad92a64b6c5b50736eb17473016de7d5eeba470,491,437,L
ship/ship_0153.png,image/png,ship,99580,c1df5da0c0bc7dad196be97ed02a6f7551b1ac4244d8b4b77aebf427ab9c6385,402,288,L
ship/ship_0154.png,image/png,ship,238667,77f906b4c58ab235430a46e997347f2d8884dc9126ddae9530502fcb541b20f3,535,564,L
ship/ship_0155.png,image/png,ship,243770,d27b0f92bed0b380116af970f3320e955a1e934cc6ac082467c3cba0a6fa28dd,697,370,L
ship/ship_0156.png,image/png,ship,192407,b6e597caddfcb198db031fdbf802ad323e21b2c8a8613095bb976c4738952d6b,421,564,L
ship/ship_0157.png,image/png,ship,112025,cbb0ff6ef0dd5ff737f5b67b702884045b6990b4b3989f8a2b75b1faad7fd511,470,259,L
ship/ship_0158.png,image/png,ship,157955,a04473b5f4815550a49daf2cb2ea81e721bda838c927ae23fc41b89dc2464011,428,397,L
ship/ship_0159.png,image/png,ship,185810,ce120af554b25679ff1a2b467c38d787125ff94ed83e1674261a804e7ff6c1db,638,354,L
ship/ship_0160.png,image/png,ship,223619,10fdfe6fe7c8bb418b14867ad337435ca00185a366c8a4908d5aa52c42bb17b1,407,610,L
ship/ship_0161.png,image/png,ship,122168,2be054df7252d198ef54d7ddd51cfe83f0ee7f100c4fc172b08379891dda2660,347,458,L
ship/ship_0162.png,image/png,ship,124964,60d64f1b4fd15401a48d1a246a431792574de871089520ad1931eaa21991b740,505,288,L
ship/ship_0163.png,image/png,ship,208872,f5e0921ab716aadc88460e2014c748ee318914f16fb0690af132bfed9da9885b,564,426,L
ship/ship_0164.png,image/png,ship,204284,b6f81548b391e6609e6fb09f5df516b66fc14c8aa43c4d8101de743b07cbf6a2,439,469,L
ship/ship_0165.png,image/png,ship,267469,c8cf3162619d109dd165b81e2157ad77ef24aa59167b0323ef91b9b595f283c0,471,605,L
ship/ship_0166.png,image/png,ship,146165,bfc55195b867dec8507034bee11c7f1d696fbafc794940acc59274255dcb2b06,350,488,L
ship/ship_0167.png,image/png,ship,204906,b6e3318f307cc90aec2e72c0fe33bb187bce62489cd5409106167a324f309d33,555,508,L
ship/ship_0168.png,image/png,ship,241167,9928399822d015f289ec3bcc283972282ba1aa0f7f3e90a2079f6e988c4d16fd,416,669,L
ship/ship_0169.png,image/png,ship,256281,c41314c20c156a7bc5d22f092e9475debcdefefb8305a69811a41d1b558d473f,499,546,L
ship/ship_0170.png,image/png,ship,201555,4cf7bed16fae68b2aacd8139e3f758450b3189e1e7561f784c9569215c505afd,492,504,L
ship/ship_0171.png,image/png,ship,119237,5f3e7e697e08c87dd4a7686e9d88b872090b074c3a641fdd0ae7600c0bf230e9,327,391,L
ship/ship_0172.png,image/png,ship,322046,85346f25b555f12bc3a18e2bc4330a80b2371a70bc92e5b6ad30870ea0308cfd,585,611,L
ship/ship_0173.png,image/png,ship,209141,d0d21f17dfbb4ac8288aa402b2fa2b38b4f0435df1c7bfe7eafef08b8d43ac04,583,419,L
ship/ship_0174.png,image/png,ship,216000,ba33aaf8294c5867c4587d876bd4d39c7752da48aeb0803caa1b76c8cd32f1a2,564,484,L
ship/ship_0175.png,image/png,ship,143956,8c14aeedf5fbb2932d72a8107417dceb64f6725d81a0894c6bc3094814d16a6f,449,394,L
ship/ship_0176.png,image/png,ship,171337,fbeb48076bc8f9bcde8e6cf83cdb296de6b7b06bf1eba9f61fe4a979d2ecdf65,544,351,L
ship/ship_0177.png,image/png,ship,133377,cd60864f33c071903b52769f04105babe00f8cb602d521f995845564a20d267a,498,330,L
ship/ship_0178.png,image/png,ship,173687,cf31a8cf3cad68f501f886d222fb65532cd959ba313fcecf1dab3dac051f3ef9,430,451,L
ship/ship_0179.png,image/png,ship,190147,1b8a0c3896e32eb922fa7a94c549c8996194c6904e14c8ebbdb71e6439aa0d6f,510,414,L
ship/ship_0180.png,image/png,ship,245074,62f4d4a5c05dca6716ffebb723814850fc87cf7d2763fa77148db50d1a644be0,454,664,L
ship/ship_0181.png,image/png,ship,108009,66093895d5914a409710147c3d6abea1fdac19adedcb597f6668b40dc72353d5,260,462,L
ship/ship_0182.png,image/png,ship,225530,4e7af216bacd60a946461d37864df64d8234646294d277faae0f538213ef012f,626,392,L
ship/ship_0183.png,image/png,ship,172086,4dbdaf0d5ba975ddd6d95a3c2f564414d97d018e363f301c9f7abe7ca78c32d6,356,536,L
ship/ship_0184.png,image/png,ship,189984,2dea05119bc2c266eb5db8adb85a51adf629bd444e08fc59dbbc52d1ddd2ba48,450,498,L
ship/ship_0185.png,image/png,ship,102498,e930c0b6d273eb868578c9db2708aba63d09b5c637ed4715e824ec7c44b95bf4,345,373,L
ship/ship_0186.png,image/png,ship,115826,fc453180598db7f373ce604d318833fb467616feab3776d0f58f555fdb0694ad,441,314,L
ship/ship_0187.png,image/png,ship,157279,b8054a29de32e3b77e96c18522591dc16fc7c7b8b5229486945e9200afb5e909,614,294,L
ship/ship_0188.png,image/png,ship,211246,5b42013474a5aa17d1e3e25ea8bd48b2d13068d640b0acef633fe795fed11a84,520,448,L
ship/ship_0189.png,image/png,ship,202534,4dff9de38dbeee5e15860580ebdaf8d05e5bca390747b19d0ef7242871641230,538,472,L
ship/ship_0190.png,image/png,ship,170624,7fab779be8b2338b65ec7ae8653ef6f2ff072ef4ee72b28c96c93d386308f446,567,352,L
ship/ship_0191.png,image/png,ship,397957,721d559de891dceb37327dfccce4517cf99e56fd9cfc25904fd7f8866ce5e571,699,677,L
ship/ship_0192.png,image/png,ship,143316,0e0e729f6d46236aca4709f8ba7d50cc24cf0fb470cf3d282bc7f712fb79b0d6,415,432,L
ship/ship_0193.png,image/png,ship,157212,cca07ce95dbfc6514e694a52d59ce4d51646597b0922cec63474be11c6da8e09,422,419,L
ship/ship_0194.png,image/png,ship,220327,2e56403587292eb18dae742c6adc2a9b66061126613e248ddddb432e8a794ab6,453,626,L
ship/ship_0195.png,image/png,ship,134704,bdb31b2d2f0006921f9a74fa8cf216f31428b7f9eeb5908bf31ce9bcdcd0a24f,418,360,L
ship/ship_0196.png,image/png,ship,191740,d00a25b16bb1ee32fd8171e61e2038cfaa22e3e562640b00f23e7171e98c5de8,612,397,L
ship/ship_0197.png,image/png,ship,139011,719b305e40497fde9b3353703e6a8aef09d23d0f20b4790b3c043627977b24eb,369,408,L
ship/ship_0198.png,image/png,ship,181949,f2da2c32dc2dc53c6c368164b9516cf3e4dcd7caf7d73888d8e40418d390ac3e,587,364,L
ship/ship_0199.png,image/png,ship,157724,af7e8d2c6ad89e6e8548c7d89d086fc15bb97053c1133be79bb21ff642d01aa8,400,474,L
ship/ship_0200.png,image/png,ship,115902,ba1ad204491812d9174983fa547f73e0f3d354ea257b4a7d12ef8d5680c638d4,560,254,L
ship/ship_0201.png,image/png,ship,177637,e4898fa6826cdf2bb534c7a869866d07d0c204cfa0690fc5752e040633136dcf,435,432,L
ship/ship_0202.png,image/png,ship,259098,773b422fc86d1312f23309b827254c731092987193146e126a0f326fa7419257,506,588,L
ship/ship_0203.png,image/png,ship,217795,e81c40112e5603fa364e5a3a16cab71174b1e34e2a8410643e06299f4b7478f6,488,553,L
ship/ship_0204.png,image/png,ship,273119,bb2c034410ee178098c2010e150275d183d8e3db835eb3492992c16d84319004,630,558,L
ship/ship_0205.png,image/png,ship,275601,dfc1823da3a6b58f5ba3278bf9b50a1f191d0c862dfc04ce82fac7692e3b89f2,503,692,L
ship/ship_0206.png,image/png,ship,176506,7e47528d809840e15c84ed077ff1bd124286cf58dc2214e8bd1da0e9ae8d347d,528,455,L
ship/ship_0207.png,image/png,ship,200040,5b5081f36353bc36a72bade325b4c694be09a1e2ee46d154db650dfa0297b799,524,413,L
ship/ship_0208.png,image/png,ship,168251,04175eea66270140622ad6570ba6baacabe8255c902691d10d213344118010af,436,447,L
ship/ship_0209.png,image/png,ship,229000,5614a15afb4b39b4b9560d008e220868c359a99f90eccd544f96d6ff6b2fa4eb,409,692,L
ship/ship_0210.png,image/png,ship,221024,e80c8b0f331eb6bb89be97e16922f4984d1baa606071eff03d6656dfb1662d9c,658,376,L
ship/ship_0211.png,image/png,ship,333082,bc455265a10a2725276cc97e2f78849dfc3e522bb4f472e470749ff66c1074ce,648,566,L
ship/ship_0212.png,image/png,ship,302710,a4575592098704fdad2dc762615f11a18cbb14b7f9f811c384fc81f51924bb14,616,556,L
ship/ship_0213.png,image/png,ship,185768,6fd501dd6d6ede7e9a2a5a2e57ec6018be685707246bb5d37e5af93c7a334103,575,356,L
ship/ship_0214.png,image/png,ship,160133,3308ce4af614ca38e53c31f2033ce5b30a739b18745b088d0105f49e099a5d2c,365,478,L
ship/ship_0215.png,image/png,ship,169992,970e4db7bcbd01ead256db3c246f09c10f1f2fe9897f012980ecd4c12e54f31b,556,389,L
ship/ship_0216.png,image/png,ship,201315,f0c58d639e381f682cedad6e56a69556471b484b045d79abfa451f600bb59beb,639,376,L
ship/ship_0217.png,image/png,ship,275834,3c7febfa9a920912921eb0c64d420171ef6b3999c00ad68460314d845f8bee46,501,597,L
ship/ship_0218.png,image/png,ship,128089,cef3c4a3c6330fddb04859c55726ea3bdb69674886a5d24723375b607909200d,309,477,L
ship/ship_0219.png,image/png,ship,159788,036c81a3118f40e9205c4ff581facb8b5c6fea328c92a42df5388434d91c6a18,445,429,L
ship/ship_0220.png,image/png,ship,142454,5eeae76de3bce639c43419809402880559bbc5c8c059ce925b16479de7ac8ae9,288,550,L
ship/ship_0221.png,image/png,ship,286970,80ce5bf5afdc46a04f96468d4b76a5aa54c5df84c5cbd6b7c5a02eded9e1a2f5,563,633,L
ship/ship_0222.png,image/png,ship,110202,3f96b0a64ed7599e052b86ef93b3acbc9f7d88fac9e287556926cd47db200d8e,457,262,L
ship/ship_0223.png,image/png,ship,179811,d5e438f360c08eae8e5a613a6163a024b9681d499dfb4b9bfeb8d829c96e0191,341,680,L
ship/ship_0224.png,image/png,ship,89227,95b243032bf5e30004ce973b2c6d9b72ba7251373a19c34e6a581d92f8954466,322,378,L
ship/ship_0225.png,image/png,ship,104347,30db77ddac7c165659730ef32a93ff5836c1260b1c84681184cc9aff2b9d502e,312,364,L
ship/ship_0226.png,image/png,ship,150977,a32e8ba2dc41acedcd69fff54af9d5d5445469b12e08d0dcd133e0f1ae9af14c,426,456,L
ship/ship_0227.png,image/png,ship,144073,b752cb683d77a816025f15a7d51e9494c9a3118ba55d9a02d7f0338e25832d5d,407,380,L
ship/ship_0228.png,image/png,ship,198969,c3b38e9b7034fa221f48ad6d059152b84750cbe71778208da3cbaca79b59d55f,385,672,L
ship/ship_0229.png,image/png,ship,189976,30de2eb363a405da1fbc6758272830adeb2dc5af90c3acacccd83e9a0a07936e,546,376,L
ship/ship_0230.png,image/png,ship,120065,39150a471f60db34948c1a2ba5e93cce868fa1531ebcb98cecc9c0472c6ebeca,263,474,L
ship/ship_0231.png,image/png,ship,104029,45b0524489219c0c0a0445c0e9f5b330a74f8b4b8e1bd9400c525c4da516fd44,296,432,L
ship/ship_0232.png,image/png,ship,212909,dc65f41654c703d110e23bce8b40b851cd31dee5b75e06a3d1ddc196aabcc59f,492,452,L
ship/ship_0233.png,image/png,ship,179196,cad2317b71460f922c78b2673b577d2c5c0b73588a0db33d60a26e51516e1f82,456,453,L
ship/ship_0234.png,image/png,ship,273581,63b728931cc27e151d0090f675434619617ec86be4a61ea2075d408ecc75cb51,674,600,L
ship/ship_0235.png,image/png,ship,253352,4528c72d97f854fa04898329be35bf59a6254ed8effede05413d1ff524142690,533,570,L
ship/ship_0236.png,image/png,ship,163370,11dfc20725dfe5cdb8998a342bf464544d1aa5b56bc630c8c24d9e30f9fa6f29,488,409,L
ship/ship_0237.png,image/png,ship,185411,896e8879f3b43684955f15bd2781e2687aa72715cae33a3d6dc4ffb2497d9526,431,465,L
ship/ship_0238.png,image/png,ship,126728,fd87b0150dc14993de4269711a4e265ad8d04c3486cd3240950e141e42c59f5a,418,416,L
ship/ship_0239.png,image/png,ship,162499,4307de62095e67cddbf5d90bcae744e9a12110f598e48799691b57df3e77ef03,443,446,L
ship/ship_0240.png,image/png,ship,170170,4d519f9542b1be45ff4c7d5d7ca1be7c5426871a0aa1d13b626de8d4d1d16ce8,652,378,L
ship/ship_0241.png,image/png,ship,198125,2902c0fe88ea08eae82d4079cb80dc848912823565e3df3b766f4c0329272a44,485,442,L
ship/ship_0242.png,image/png,ship,189854,44da0b75f32bb47496d44769307687bbc025f871f451f511c624081acec65d4b,444,470,L
ship/ship_0243.png,image/png,ship,264321,5dcfa8be6de16cd45495608dfddb5386ab583df6ae58e830c83fb69a35495582,575,489,L
ship/ship_0244.png,image/png,ship,287028,d2a96dc98db9085efcca77cf14bf239549c1d7f4333c6d5896a5aa98a021af88,588,553,L
ship/ship_0245.png,image/png,ship,123220,0f3d632ec0fc26e4fe4d00270bc6af804d94328b4756e01fa68ed9143699a268,488,348,L
ship/ship_0246.png,image/png,ship,132443,4086eac610241db94b66b40c078f467fed29b2fb21f2a41d2b4a8e4eb9c41fd5,481,331,L
ship/ship_0247.png,image/png,ship,157401,2753ac57eae4953c3d4aca25df4f6f044b2cc27d5a2fd4966ee2bc3a5ee5d115,375,448,L
ship/ship_0248.png,image/png,ship,191413,3900d13e00ef6609625f253d6ce546c20626c53f581e089758561a7efd1baf91,547,427,L
ship/ship_0249.png,image/png,ship,217033,fb6df7a8c659d69b01f842e823c608700fec7c0ffa1d631210662dcae0e28be7,657,404,L
ship/ship_0250.png,image/png,ship,278612,cd55ae49df0ebf6348f49ce6c5b460685f8cd9884a8887579892b33be26a7381,534,664,L
ship/ship_0251.png,image/png,ship,259863,b3119b2ed4ac18c3950777917e786fd1f8a27e77bdc1f1e98400cb8a1e27ab35,681,411,L
ship/ship_0252.png,image/png,ship,165224,45f978892fd1450f0875dd4d904e304af8430fd25cd14c3241529dd3c680dc4e,390,461,L
ship/ship_0253.png,image/png,ship,196469,5fdd427c688a9743fafc3a2a0238569b39b93d4202577a84bdc9f0322ace0ed5,508,534,L
ship/ship_0254.png,image/png,ship,189809,e9e19d1ddaccc6fcfeca8133e0e6bfd3e776876184fa9f59b12041799ca72806,445,521,L
ship/ship_0255.png,image/png,ship,173576,92e383e4c33b8aa9b5b7ccf0a23a74cd83b080bdc10312be439a8f898112330c,447,432,L
ship/ship_0256.png,image/png,ship,221507,66b3c1075fc4f38dbb367f2799ab289fc40e646b43de39df624b6ff7efb349d5,448,524,L
ship/ship_0257.png,image/png,ship,167845,87b038a1e42b465c0df7d3cf4d693b3b9f2d0580ba84751f82cbdfe99e95de53,551,331,L
ship/ship_0258.png,image/png,ship,306228,fa1c327b9d4b2e2ba9d1965e7cf761c8dfdb05c25adc3a6951e090bf1459160d,611,553,L
ship/ship_0259.png,image/png,ship,234180,4baeb5195b91b736a20f0f7ffb10c2b1f796c56aeb5101665132fc29da7018c5,483,677,L
ship/ship_0260.png,image/png,ship,119578,638fede34862a61bb15aa8c7af365e48bf1ae04c5ad9e1e9012a8f4669fb2f76,411,302,L
ship/ship_0261.png,image/png,ship,206761,fe46c43664d4c9898b02fa8a4ab07830cc2f0c611297f65e22c27e7c545542c6,551,448,L
ship/ship_0262.png,image/png,ship,208027,23ad8beb09aa3cf6060da4f5b5dcfaf66471a43b5a7eca693b79ee5d305ad8be,599,433,L
ship/ship_0263.png,image/png,ship,189343,2de87c8c06d39f02f781ec5bc7fa6ff36a9146cd7ab03184d87564e54754da09,369,594,L
ship/ship_0264.png,image/png,ship,171615,90e6edf57317b1b4dbbcb4d6e0c8616d1020d264820b4484456a2a8966a849c5,485,392,L
ship/ship_0265.png,image/png,ship,110677,9f66113c505d4e46c6a7bfa1df5b384bc89f08d79cd99a98d33a4e776be00cde,329,393,L
ship/ship_0266.png,image/png,ship,147589,eb7be76fc0f3e8197dc987536554fe357fae7a8be321d5d7b1682af09de9c26c,486,374,L
ship/ship_0267.png,image/png,ship,280348,59ebe186d8c5bb5d17e9db5e6429a719aa7198354275f1e828aae5ad0c840ef5,670,524,L
ship/ship_0268.png,image/png,ship,176655,e3df607706964cc6d04881b36f20c394fad87a2518b2f74d4a41520dee9d48bf,474,459,L
ship/ship_0269.png,image/png,ship,80579,94f73e0c0b9d575639f12e7eefc1d1fe1943376a8649e9ea0da4c976fce2084e,256,351,L
ship/ship_0270.png,image/png,ship,113354,b275bcaec8e27d56edeabd432cea23bb573859ded2068c841a311e28ed3205d0,454,288,L
ship/ship_0271.png,image/png,ship,291492,3160b6e27ac8e36ebecc92f683762b6b17132f0546c1d594230f10d34deb4c05,603,537,L
ship/ship_0272.png,image/png,ship,132527,a3d54bfd6309029dc94717e233638c73df519c640f070ede0081c2b0e46779f8,383,380,L
ship/ship_0273.png,image/png,ship,197892,448172fc957405238da29426bd06b766e4b54de959ba94a54b5df741661d6695,542,435,L
ship/ship_0274.png,image/png,ship,282503,b84b6bf8bab48494b00016fa0e7f611f8aa4c0975a13365d68196dc81706a8e3,516,614,L
ship/ship_0275.png,image/png,ship,132445,e3c477815175a6a1e7388a5cdca9fc2d751f5745f58bf8d8ed019d594569760c,425,411,L
ship/ship_0276.png,image/png,ship,140632,a23c3026448902680dd9a9df9b323ab6f2848a5612ac0b6d02f6359b795c8c1f,468,322,L
ship/ship_0277.png,image/png,ship,251427,1438335eb8e6a97b0cb06cf51adf12e8a822a984ed1fc81dc05306a84eacd36d,684,452,L
ship/ship_0278.png,image/png,ship,204674,6d21e83a679cb6cc540a46b7e89075dab61e70316921bd502d6783f78b5cf1bb,544,437,L
ship/ship_0279.png,image/png,ship,123321,4fe99310b34150e9b71bd3c9ac65357383d487fd36efba5ac996485c7be8cdd8,371,357,L
ship/ship_0280.png,image/png,ship,133559,98f1b67e6980c725a74dd1ab93fed3703e0f3a534057c8b649be921394899900,525,363,L
ship/ship_0281.png,image/png,ship,260728,8e639d68f1e1e33e702fcce6334803686ebeb54a0c1864043a2bec776118d8b9,591,459,L
ship/ship_0282.png,image/png,ship,205299,635fd4edbd1b1cb3b333e9f39c7c85249594c0756706331c55030864798febe5,557,392,L
ship/ship_0283.png,image/png,ship,146217,989474775670f1aeeb3f84b3039ccf3013b7c833644fb32a23fdb57d1b6bccbe,440,357,L
ship/ship_0284.png,image/png,ship,119930,4d86b690ce54564780d3a22a9348b6752de13ae4eefe35a783afe0a2c2a01124,297,409,L
ship/ship_0285.png,image/png,ship,219804,08fd3931ba7ba9523289c2bba7fe55e85d011a4a57da24bc6816183e94c4acdb,593,441,L
ship/ship_0286.png,image/png,ship,144985,62d3b6c9aa54b1bc1a729c3123bef740068ee90b36ae7c1d10287cbdaeb3d676,313,542,L
ship/ship_0287.png,image/png,ship,178979,5f45b3f631e301bfb0bd8f8e33b7bf7530a8d504e13cd459403b582340602254,504,417,L
ship/ship_0288.png,image/png,ship,135974,819f955f158fc8fa6665f431aecaebdc7be0248dada7ad2b9165eba01d2422c2,312,480,L
ship/ship_0289.png,image/png,ship,139003,4544df7992e440d43d635099d7b5c348c99ff6d36dd967d6f159570988efd54e,489,340,L
ship/ship_0290.png,image/png,ship,321226,e17c000ff6e03192494b7eaaf27e2232753a6279d0ec0769188395a36ade7dc8,534,700,L
ship/ship_0291.png,image/png,ship,141869,8281cca5c69058a07e3024fb15a076b454fc05e9bd7d3ef680bb7faeaea10d1f,262,558,L
ship/ship_0292.png,image/png,ship,124160,17e1b386593cab556a9e93d5396a025d5086195a10b58ac94c3dffd8e1947edc,483,284,L
ship/ship_0293.png,image/png,ship,159022,308d3ccba6b5c5848e990d2d2a0e52f9af74dbc098419549972b548df5030ef7,344,650,L
ship/ship_0294.png,image/png,ship,214785,36300d2f126b0167eaebd79419f8ae2a597a90d2a59bcf03bbadf73708ca02c3,643,349,L
ship/ship_0295.png,image/png,ship,214158,05081391bb8268e4f622923ffdd8047b178e986372c2892205170ec238f69851,547,473,L
ship/ship_0296.png,image/png,ship,188514,3514636be96241365d83b6d24528f3a544ffd0e79e03c2391a6d5768efc794e4,504,410,L
ship/ship_0297.png,image/png,ship,130411,afab14e696deeb9b9268fc38013b5a5465f0af98f196a0f1e9d1f39914c0e879,497,320,L
ship/ship_0298.png,image/png,ship,347623,41657fdc8c01514bf0c821567be0862637c1ab5bafb9d2b18844e204970eac9a,556,661,L
ship/ship_0299.png,image/png,ship,137156,6904dae2ac0492fa29e33ffba43edb3e3e24c3275c2b79d53d87240f7c33d79d,413,415,L
ship/ship_0300.png,image/png,ship,231190,d138227efc6a91ff3d54181c0796931559a7eb065143589e2b7c8c831ccde9d1,579,439,L
ship/ship_0301.png,image/png,ship,117722,a6503b362982c109ad26aefc467b54140bf952741af09c998ed266a9e3ce55d6,415,355,L
ship/ship_0302.png,image/png,ship,233481,2eeec9267d9edce380c1c78f3bc995428259ccf23d9bf32904367a98fffb7845,633,488,L
ship/ship_0303.png,image/png,ship,137736,aef65aa377d3ca17f01ac589c375501e40bcae4de7e55c1db3cfba43de24aaff,520,320,L
ship/ship_0304.png,image/png,ship,241912,b1639491bdb1f11360c5b7d36af686d055558fdfff21432fc3656fd8a84d2d05,391,653,L
ship/ship_0305.png,image/png,ship,94026,846dce750913e0a85ce3204d3922f072648cadba8508aaf0ef0800c05777a2e8,351,330,L
ship/ship_0306.png,image/png,ship,156837,44a2eb9b4e5e6f4bca759f24a9fd23df90f8846acdf0d1a9176035f4f6c1656d,387,418,L
ship/ship_0307.png,image/png,ship,264006,43d61b99a7728d5da1ce7deeff832d785bad309dc06eb9df84ec739157d45a59,674,440,L
ship/ship_0308.png,image/png,ship,254563,dc6c9463770d2a3fdca9233c7fbe3aa502740d75b20401e6289e489c4878c97d,610,445,L
ship/ship_0309.png,image/png,ship,157790,08216ffad547121cefddcc5bacd0047dd4d4beb6b4ee55a257c05ce69b1f4ecf,342,508,L
ship/ship_0310.png,image/png,ship,152174,42d1b7b636266995b2a7768bd4dfc0c0c54f5c055a0a2936ffe87ee9ac5fc530,468,393,L
ship/ship_0311.png,image/png,ship,260137,29cf0634219890250fafc9098a00a4d3a7848e4fa1cced74c2e69f044222d73a,624,482,L
ship/ship_0312.png,image/png,ship,167085,1acc6501f0e9326c189ea2251870659799a92e4365d0eb1b4751a6c15a479772,372,547,L
ship/ship_0313.png,image/png,ship,112329,77d96578e38f93269ecdbba71fd581c2ce8e2494ec08f09d7da35332b504d431,262,456,L
ship/ship_0314.png,image/png,ship,208427,e0a36bb221b0f9b66a382b736484ed133137709aced38daf1f81e1f726aaf222,552,504,L
ship/ship_0315.png,image/png,ship,172049,3be3dc28fa807f516db3f6a00f77b71a3ad73e4a7ecee6c0b6363a28e570957d,380,509,L
ship/ship_0316.png,image/png,ship,259027,037fdd6d0c955a179cb8ec3e35e5c13b8c01aea6f316086bc9e44e8c3dcb9a2f,454,631,L
ship/ship_0317.png,image/png,ship,378590,11874f49619a6ce8526642dcc407f67a9b97809cfe13b3219b9d9cbb8d2246a5,660,605,L
ship/ship_0318.png,image/png,ship,314810,6b53b23ffa1ca89982bd6c85b978ea7692918a9c044d576c90526ca861c0c771,516,683,L
ship/ship_0319.png,image/png,ship,154109,cb0ea3bcbd15183d6ad7bc75c4d1211ecfbd4080b0ec4541df661c9815f8e716,316,531,L
ship/ship_0320.png,image/png,ship,110166,4c130a9411b4c3a001664d75c058b8214b1987d3ce1fa30b785dae4541c95e5f,295,396,L
ship/ship_0321.png,image/png,ship,150179,4a2d3e09251121ac468154dba1eeb0e68a72a2081dffff094c2d1eec1b5762d0,397,392,L
ship/ship_0322.png,image/png,ship,186016,531ef4791029946881bbce1c473424c62c44a80df9b667d71028568134c6129a,455,534,L
ship/ship_0323.png,image/png,ship,99546,9a16729263de3e10185180a722f145a31cc4eaad06aa815f5315412c6cec77a9,281,460,L
ship/ship_0324.png,image/png,ship,138998,d843f2118fa6bd17b404233d9507c6d6313c2a115e58f6344b8c66b7cb136516,541,380,L
ship/ship_0325.png,image/png,ship,141735,7299f0c847f43d10ef8c261b3053daf6cd9db79767e0e46227498d5014af9746,428,397,L
ship/ship_0326.png,image/png,ship,166646,67d1ed32c326777c53003851ad04b8e0683026de1008a5efa746eb81426b55b7,488,417,L
ship/ship_0327.png,image/png,ship,217700,0cbdf02fe7206c4742c9114bd25aea8ab5f82b47e66ce74694ebce1f42485d3b,484,563,L
ship/ship_0328.png,image/png,ship,198149,9d4a1f13d5412cf042271384c75827c214fb59c7b46c43c931ee1053b9317f3f,607,347,L
ship/ship_0329.png,image/png,ship,194836,eb1b0fd23ad70e1dad09871183757027515a916db950aac51e7c0f79c4368fb9,382,570,L
ship/ship_0330.png,image/png,ship,145979,cf8edbc02964c99cd254e78e7c341c53ed35e9a5a546c213a0fc91498391cb82,350,552,L
ship/ship_0331.png,image/png,ship,105398,3f8e3398006b4d217b40874f8d0f9cdf5c2ed785e085eb80c68ebe47a10c2226,353,318,L
ship/ship_0332.png,image/png,ship,263555,5a3af47b1c4a329baf083660029939976a2d5935dc73a83778b118e0bcb93888,614,462,L
ship/ship_0333.png,image/png,ship,218900,639f6edfbe4c25555858ac27073f7bda9df1684a5c8cb3008889ba3de6116f8c,596,424,L
ship/ship_0334.png,image/png,ship,250865,02eba2768323b31a6b3aa0ada198abe033eaa806f9712fae2049c0c8d93cc12b,490,582,L
ship/ship_0335.png,image/png,ship,221848,fc4a151ea8b9ff04ba054eee17b28f37c074e86cbd3705208fbc68a435f83358,566,460,L
ship/ship_0336.png,image/png,ship,107132,722bca0ade77f053bd434bae3e856951c21235c1daf3036a2da772edba99a9bb,367,308,L
ship/ship_0337.png,image/png,ship,142487,07d864b2deb0b9a5a0fb80d2320e9354efff7ec10e800d6b7cfd93b11f591100,465,318,L
ship/ship_0338.png,image/png,ship,130788,9420cf67f372e9dd533b53b979747914462071b5fdc895d553abb5d8d3f55676,343,397,L
ship/ship_0339.png,image/png,ship,163099,854f17351f7db9f542b1ec578e44324f088c126c35f281e3505ed599f0c3cad9,427,410,L
ship/ship_0340.png,image/png,ship,185897,045d8636e7e3ee716a607b0a6134e9f744385ccf2998f5f41403e15e6ed8b55b,466,457,L
ship/ship_0341.png,image/png,ship,149193,da3552cfb0f95163dd7557e7af9f45c7cbadedc4f97950f36f5a9a904042d65b,450,361,L
ship/ship_0342.png,image/png,ship,283232,2c04e85dfb1cdcd93b7c2b9ec0d48fe759414d23ab422b68937e848b3f41c36c,625,571,L
ship/ship_0343.png,image/png,ship,181574,ce56971584c6901a8c455bf83c9a11938431c16e8e0427eb21a8f222beeacf7c,515,383,L
ship/ship_0344.png,image/png,ship,112832,e878a599701e25732c9d23890743a469a978d2376efb76fed6f0c29d818b9301,359,420,L
ship/ship_0345.png,image/png,ship,292876,d0067ae8e40317d148eb1a022490cd1217844ddd93008d3593b7ec40c74085ea,541,590,L
ship/ship_0346.png,image/png,ship,91004,71e9c4925e326100d2f0ba5d8d2f09ec10852f1a650af1c237ed50c172351028,375,260,L
ship/ship_0347.png,image/png,ship,207491,b82d0a91504a6a4f87a33fe16e879b874c7dccf33a6a89e908ca3583136ce383,496,456,L
ship/ship_0348.png,image/png,ship,107850,25ce7210a84fbfa97c6d7fcc64394e79acd974717d319f6a68cf9b4f3dc84c5a,288,405,L
ship/ship_0349.png,image/png,ship,104488,97d3f14a1aaf3a297094576f173e8c09bfaee262c700d8dc57925ec87e3442a8,264,514,L
ship/ship_0350.png,image/png,ship,154171,075a8e617cf88de9d4c1368b8473b9e4c88faea7b1a6872ee779eef8c27fcb3f,450,418,L
ship/ship_0351.png,image/png,ship,131985,b145b02e4efab550297392399b2c4a7ae3b45e66fbad4eb30339a3a5db8543f6,397,352,L
ship/ship_0352.png,image/png,ship,189372,ecd9b5256c4c9531acd56c3be1f77e90e510b0dbe5ca2596cc451f695bc0937d,399,504,L
ship/ship_0353.png,image/png,ship,169286,b44a3b44fcb28cf058d2ea225a37dd58b80a90e0ea3181ce5a2ee19a2c2f9fac,523,374,L
ship/ship_0354.png,image/png,ship,214312,b0ab5f7158b2dea1e7a6cd5c3e9e17648ee55fb5d0fa5d2bbef6a23b262acaa0,549,498,L
ship/ship_0355.png,image/png,ship,195449,4797a0d2bc4708f00772de60ee0980ff974689e9ba3f4c0c355baea607d9fda2,496,551,L
ship/ship_0356.png,image/png,ship,220226,9ae0cb6dd9b2bffb26986ef1e0f2d702e2a4a58a66b047189f8595cbcdea2432,598,442,L
ship/ship_0357.png,image/png,ship,202162,7d11923b19543f7a9d5cff641ab98dc10be3d0bcbb8536e53e046453a3a9dec2,553,510,L
ship/ship_0358.png,image/png,ship,178905,0ce12b91b282efd1be395a39ec0281225a622d641b9432dd3a66fc6d7fc2a0cd,668,379,L
ship/ship_0359.png,image/png,ship,139923,51a852c8b8b2a73d99c67663aad40c2eaf629a24db75412c575fdbb1819c6a8c,285,529,L
ship/ship_0360.png,image/png,ship,167999,7cacd0d34400d88bbc9e4954c0b38a9c3012ea34eafd0d5e903b63b99d887e9b,458,434,L
ship/ship_0361.png,image/png,ship,172767,b1a3d23bcd01f7977680a475a8b25d7e7bf4060e278c0c69c6e8261dd89538e8,595,350,L
ship/ship_0362.png,image/png,ship,140900,ed43ae4ff5ab6c6fe8dfda1e5dfbee79b43d47b576bab36afa099e177f48f8ea,379,397,L
ship/ship_0363.png,image/png,ship,225861,6e109e493f12599d71811b4b1273bceecbc96d0e7a162c7303c017b4f2a54006,500,617,L
ship/ship_0364.png,image/png,ship,269264,ee364d8030d86f6e8df9346e6367f30981d98c831d2be51604038283b369d594,504,606,L
ship/ship_0365.png,image/png,ship,222450,4f04f6f53a37e1c2b13760ed07f9d8ddd800e36dde29cdaef39cdf144a373d54,409,573,L
ship/ship_0366.png,image/png,ship,192845,663f5a2db5ffa4e5c7b20972ab874f6c8704db74dfb33b20a438477934fc6c11,592,343,L
ship/ship_0367.png,image/png,ship,148264,b6fdee9f1ee0e50f8fe0fa32ac3f9b51acd21cb30b06f3d49c58e50b202dd9b6,400,437,L
ship/ship_0368.png,image/png,ship,171619,c69b23f4287212c0f79e4056d59d8c11183816c04c9c012e4a46dc64cb8c6815,391,566,L
ship/ship_0369.png,image/png,ship,150427,6c42f5f34a37b6ca1449ed1bbe8024268cf4645f51fdae5ff2f388527410a9e8,370,489,L
ship/ship_0370.png,image/png,ship,188981,33307581ef408b01f22788e2a97d5c600335877e86cbe879621e344f76077f96,501,536,L
ship/ship_0371.png,image/png,ship,122455,c95d10950bbeb8d40808474d2384ab64ec1db6f33f1b42bd6c9ff8ca31e2b53c,484,287,L
ship/ship_0372.png,image/png,ship,124700,def014581507103a3f43284af9fa601a8b04f963004903b954b585cc0a4a9e17,393,381,L
ship/ship_0373.png,image/png,ship,294521,534c74977e59c3627e68ad39706f00b8350977c348c7a26fb117f0ddf831310a,477,692,L
ship/ship_0374.png,image/png,ship,170688,4d682adbb95a3216fe18a62e7e2cb6f5f4d560ba3b57008887c10e85df528a6e,505,425,L
ship/ship_0375.png,image/png,ship,208469,a544fdfdf81b0c93e5f80538b94d93dcda1edfe6c60d5675e2b4973f3a4efd49,560,429,L
ship/ship_0376.png,image/png,ship,221703,f848a695d7ed951e2c6e10086b2a9c8316b818dc707c9fb125739e60120c9b77,583,468,L
ship/ship_0377.png,image/png,ship,226316,65ee76405918bbd70f23aa4eb85c08ad81ee7861b6f1fdc0cc0a8e323aa80363,472,573,L
ship/ship_0378.png,image/png,ship,173281,21fecea8fbf1bf76f443b049a78e3f547e9b4c42e58f55db5946f8262a10254d,322,654,L
ship/ship_0379.png,image/png,ship,212165,bee94caf4ae3ff4ff6be35aa62b7fcfe695da3b905803e19bd3526c869fa9497,524,442,L
ship/ship_0380.png,image/png,ship,217900,8bf41a838050e1a9446622356e15e69b24976da66c1c8458861dda7afa0c1775,393,572,L
ship/ship_0381.png,image/png,ship,203741,04b89ba11ebcf5838726113a6bdac4d9dfaf046a413b06f4787a707dabbee1b0,673,389,L
ship/ship_0382.png,image/png,ship,196940,4a95341be518b3146df6535f9044a4ca1853980bc1cd5fec5bd9cf7ee3400db1,338,632,L
ship/ship_0383.png,image/png,ship,194249,56003a6a05dcfdf346ca7cc441b2b0a4e00997e3a80918913a3678d8af463e4d,567,438,L
ship/ship_0384.png,image/png,ship,145443,4c70f29ee1e3e6560073e2d581a4c1b9332a75f531d78206dd03fa1d371476db,532,333,L
ship/ship_0385.png,image/png,ship,111776,709ceeacdb2ea7afb01ea48ea561c8b10874d75f301920f951aef43f012a2bfa,435,329,L
ship/ship_0386.png,image/png,ship,158335,888d344a3f3a1bf54ec7f37d1082307c3f6eb906d0e9637d8bad2413cdf5e9ae,317,546,L
ship/ship_0387.png,image/png,ship,144501,4e89327640dbee7b4470653e9a69071bf273f64a8cec75d6b2cb8e8f2183ddac,457,431,L
ship/ship_0388.png,image/png,ship,189983,026efabcf1818af4bba40c997cb73e86c56f2fb91ac806442d47d52c676007c2,379,592,L
ship/ship_0389.png,image/png,ship,117956,d4159b7615f1a790940044bbde0828fb289f7e18ea0f75f171afe14b62f582a6,354,360,L
ship/ship_0390.png,image/png,ship,158083,a994da969d54e5dcc8cf4cb3fd2c685bedacdc5ee150f08c8b54e8ed2a83f806,425,391,L
ship/ship_0391.png,image/png,ship,218284,ac938945c5e60731be9ca923be2dd274b7a21adffe87b4c2db80098bca75831e,431,558,L
ship/ship_0392.png,image/png,ship,223405,ef972f009eb8862d4b33275d7e3f379fe576c1947171fbdf7da59bb1c09215e5,585,554,L
ship/ship_0393.png,image/png,ship,123284,1b469bfe15c496aff50534081c898fb6a4d94277d8665440d0ebf5e31f5395b5,391,381,L
ship/ship_0394.png,image/png,ship,246137,30f92f7c73b10a352844a7048a70ca883818a56629e345c3a0bbbceb2535e0be,671,405,L
ship/ship_0395.png,image/png,ship,240032,51257e59481f384c9870e0beb3d6fe7d5047990f216401ee5438405e7ccf811d,426,697,L
ship/ship_0396.png,image/png,ship,112208,33d81b064333602a1bd75b821e0869efff99567a62fa734830708f12c810d56a,291,491,L
ship/ship_0397.png,image/png,ship,231436,549801904057d50dc452123c58f167bc377148771c2cc712af41ad28c50b8f19,392,633,L
ship/ship_0398.png,image/png,ship,328482,d8fbdac5503114d5ef925bee4251cab7c31fd5d6a5697f2732c7b4af132ea184,659,533,L
ship/ship_0399.png,image/png,ship,221102,558c491062cae7eb37094ed66ffbcaa50a49cc33b120663a442ee2c1ecba1ad3,575,499,L
ship/ship_0400.png,image/png,ship,227191,7047089daca2475eeb950b320e9924eb65dd9e4cebc5ffd6b833a7dda1296a12,512,498,L
ship/ship_0401.png,image/png,ship,233834,a4f585c857a45e6e0c52134327558b276382957ccb13dde0010e33f8fadbc763,497,502,L
ship/ship_0402.png,image/png,ship,88826,0e39d60caf9d2e9b971fb3ba036870c6522f3c4bf991afdbd8635bccfe79c4ba,407,266,L
ship/ship_0403.png,image/png,ship,188465,68db937c1e59dbd102a60474ba3ecff53c8817f7297ed5f0dc44f8322442599b,639,378,L
ship/ship_0404.png,image/png,ship,151712,0b84d73eef04fcff7e4941d802b9a821c0065c3994c3f898020c77d05a04f0eb,571,322,L
ship/ship_0405.png,image/png,ship,182522,82a2dd2800794991add883767e697f7d8e018363f1d694cbbabaef88313b17cf,395,502,L
ship/ship_0406.png,image/png,ship,261608,675471a9d4c799d5cc26f8d4415d19b8cfdb930ada2e0e14cba755d2d88dfce6,444,668,L
ship/ship_0407.png,image/png,ship,249101,f0996f2bb470b242e5d305b213a0bb1e7fac667e1eed8a876361deeb2cc090a7,557,467,L
ship/ship_0408.png,image/png,ship,225491,50093ce9f71640d8adcecad59c6c80750e6def4d61e6b344542cbe5f335f124a,468,633,L
ship/ship_0409.png,image/png,ship,127793,db2f885a08a0040fd0d9f5a76e4ecf6b2596cead38df228f8271d08c57e080af,289,503,L
ship/ship_0410.png,image/png,ship,188497,16dfb42f5ea2b4a30476a465509015e0c754eeb380ddde950920dea2867b6c4c,512,457,L
ship/ship_0411.png,image/png,ship,238303,5c56edc9b907096596f2b8eacacc2c19e04d3535c08eeed32664ab210e201598,418,682,L
ship/ship_0412.png,image/png,ship,149343,421c5f86f14cd5576c69568fa7c7e51f7720b54918ea91ae115f3eff711f62b5,342,522,L
ship/ship_0413.png,image/png,ship,125960,66bc9587d2657b7eaee913b0843db077a983db57d948035a5fb41022d62e013a,392,384,L
ship/ship_0414.png,image/png,ship,263646,1c17906c06e7d62d088603a2bff3705338926ea9269360b20d3ad8e92daaa3e2,657,489,L
ship/ship_0415.png,image/png,ship,153353,c81e0c94a5c304a0a93c8f5a4e065cbb06b347d8cbff12d7eb9ffd4ca6a99ff0,332,528,L
ship/ship_0416.png,image/png,ship,239310,a38dee1be77c9025050782ffd98e1721fce690c7833b8fc3a89b120154cf7d9f,455,637,L
ship/ship_0417.png,image/png,ship,308024,714391c37f7e6e3ea1be18f2d4ac9128a8badba8075f0a224bfc4455bae5ed68,503,643,L
ship/ship_0418.png,image/png,ship,261962,da15a5e82ddf4727cdca396e59a3ecf453edd1546aeef907411566b2d28089d7,477,629,L
ship/ship_0419.png,image/png,ship,124951,3cec40cdd0d4b9ff241b230b00a5c1d72957ba15e729bdfba938bd5cb49c73a8,346,372,L
ship/ship_0420.png,image/png,ship,198611,938cae4be12b5e32c1835733695f7b5663be700f8036ca3eae6fd02286773ae7,422,558,L
ship/ship_0421.png,image/png,ship,278414,3c482f445985a4dd14e80479c9b57743ffee45b2f0acdc528b1ae093100939d5,428,680,L
ship/ship_0422.png,image/png,ship,179351,9047c549d713ed135fccf839ee99f8eaa52547e2c2f38c9bc32cd735ce341182,471,401,L
ship/ship_0423.png,image/png,ship,172192,d4cd7264329548fae5050fe63ff5282a2ffbf4c2b593b01e90b9e4d87d1506a4,519,358,L
ship/ship_0424.png,image/png,ship,91619,0bd199fc51619652b1f54dfdc6e4f92e1922d636f15e66b5659e639adf70b121,363,271,L
ship/ship_0425.png,image/png,ship,238623,4d1fc894f77afa678c8d4da08aa1fc468dede9fba4c686020b19024c1911aaae,507,513,L
ship/ship_0426.png,image/png,ship,216574,0e8efe07b20f7f0f6490d3cc8b9550085c8cfd077e08cc2f46c79a1c49b5ab53,519,561,L
ship/ship_0427.png,image/png,ship,186434,47e59e3967c6159e4ed7582790fab05107fae31269c905bf4a142222453d4427,328,661,L
ship/ship_0428.png,image/png,ship,171450,608b3bfde32b1224d47664093cf1adc94d60b944650418c5d8ee1a7efe01d6b7,443,466,L
ship/ship_0429.png,image/png,ship,150648,9ddcc695b99faa310b9b46b3659b17ce675488c8f54235763686b617a488cfb6,335,470,L
ship/ship_0430.png,image/png,ship,177215,b0866be439e87cfb56611592b8259796a6b7e85c0ac7c429c5df922fd1ad67d4,352,528,L
ship/ship_0431.png,image/png,ship,234954,3b255d141d5e1c3b49729671b7548b66ee4993da5758bde1d732f7e2f7a8102d,413,643,L
ship/ship_0432.png,image/png,ship,249014,8d85085e4c1bddbdc7a097451e937195d18c08c6b1fc38586cf5a0ae3e3a9fda,623,428,L
ship/ship_0433.png,image/png,ship,133715,b5743f26a0fd2509c590cde1998db4ef610c5e665a57967448a8d3896370fd00,277,504,L
ship/ship_0434.png,image/png,ship,229624,9dc84823ab64431d087d7cb08c1b36f2c60e36badd7dae3a8c9cae8080a62c6b,596,452,L
ship/ship_0435.png,image/png,ship,140423,fb4fccc08178386ea149e63155cce7979b68b9133073c60304a07ec0a6bfc3e3,395,418,L
ship/ship_0436.png,image/png,ship,223776,287467dde6f0bad1a8cb94b946a65166b830aedb7c1d3f23deb1cee338868fd8,446,534,L
ship/ship_0437.png,image/png,ship,252292,0fdd3e68b167cce1c2f7e798e95522472b070b8cfd9a59514dc3efe55172a81d,452,700,L
ship/ship_0438.png,image/png,ship,290357,80d50fbe1da34be3c37a80c61fb6001c6057cdfd90ab1cbc22912a4057c2dee0,450,672,L
ship/ship_0439.png,image/png,ship,225872,4f0532991a592bd661be21e31845d3d9f51341278abc0d21aac7f52badf21c54,480,559,L
ship/ship_0440.png,image/png,ship,125037,d34f41c68d1e13139b1302d341c3300864f6e46b42aae3b83a5e831a5234a809,474,323,L
ship/ship_0441.png,image/png,ship,173356,66bb237de3426fe3965e41d5267cddd6ee0f31245e58d62c467e301d6f0e3f2d,333,680,L
ship/ship_0442.png,image/png,ship,233833,29d56cd748a32345916b0a7cd39946baf699596da3e8e04f9b6b87fc5adecb01,467,541,L
ship/ship_0443.png,image/png,ship,242058,90d70c5403922732525b21e6b8fe70d8232a7122c360a90e379e59b131eaa47c,668,396,L
ship/ship_0444.png,image/png,ship,101168,a1644b84e9962d3e88752e8848b0200fc48cfbc480463105bde7325ac3cf8c8e,479,244,L
ship/ship_0445.png,image/png,ship,90870,9bfac11cdeb939de6884e8b77b16badfe1bad00a931628ea9e91655c25b64e97,353,273,L
ship/ship_0446.png,image/png,ship,308266,cc66a6d0b04d4f862206d387fd1e344abe27508e4f56372562b4b4d5d27d796c,667,479,L
ship/ship_0447.png,image/png,ship,150237,7bc9483aca7752580016ced386627d9847375ada44a6c4913d7bb7d7a17bd00f,332,490,L
ship/ship_0448.png,image/png,ship,249266,fe35cfe6c3e28bce6c7111aa3a3b5fc001e3df8c7b90c25961a1936e4ce813aa,589,477,L
ship/ship_0449.png,image/png,ship,212962,2539b98c6e98f2dfbe303e93cd90e9ac02488262c2af14847b086c63c7deee4e,593,376,L
ship/ship_0450.png,image/png,ship,178925,724c22cc9a7470ed62311e30d5c8d5d3b942bea25c7744cf5a9466a739399d9f,510,404,L
ship/ship_0451.png,image/png,ship,138068,51e9f880c2b1f5d0e8cfa0c569c0d22ce739dafa093707d91f1ebcc6d79de9c8,326,508,L
ship/ship_0452.png,image/png,ship,141038,60d69f1169a1d966bb8162cd263168a70fa03ad65823aa5fb4759ccb40511f1d,464,364,L
ship/ship_0453.png,image/png,ship,158041,0a79c83d693ef397f6547eb26164eea1817c905e4e727ba2e87c6bce9ca9cb7b,539,309,L
ship/ship_0454.png,image/png,ship,217396,ec030ed482b96181f705cdd907f02a1d89cd160d1bfe0aa9890e5d3e039eb3c7,365,689,L
ship/ship_0455.png,image/png,ship,198054,1fb3c5fbef70c984bb31f64ba871e6929072952c2c4f2488a5ec4af559e1b36c,555,452,L
ship/ship_0456.png,image/png,ship,241036,0173cb8164dd3da1b0ab89b7f1b5a73f9775708120e02ca533e69873d3f7cd25,556,514,L
ship/ship_0457.png,image/png,ship,145468,cf8264454241c66ca15bc35e8dd440381d67b27a8aaa712d577ad7ead9c7fe34,357,436,L
ship/ship_0458.png,image/png,ship,260699,7412c96ba1a2cf92b18e9683361aa3cc433f45a23c912393fe6f2e96d6581a17,650,455,L
ship/ship_0459.png,image/png,ship,182066,8a45a1152549e2c75aeb7a46b44ea1eef62dbbdbdfcd69855afd863e0393140d,585,382,L
ship/ship_0460.png,image/png,ship,106629,f009a96bab5b9338822691fae87d2a420f967a9d48717f758fefc587d6a625b7,421,302,L
ship/ship_0461.png,image/png,ship,278220,ef69bc26c1fa2ffe47e3bcea53cd756595e36995aa2355af7ea52d3bd4265561,678,456,L
ship/ship_0462.png,image/png,ship,109529,4a638a4c112c14ed13c4d58c87bc196a76cd1785f6fde681e4501aba71de918d,310,431,L
ship/ship_0463.png,image/png,ship,229284,8abdfc3de682c910ef13eae51e5fdc6bbfc6f6b9c3471ec08da0f88bb7e87399,523,464,L
ship/ship_0464.png,image/png,ship,227611,cf28afe6240f40548d998f70540bed7fadf9a68038f6876c1843694b5cc29fb6,449,536,L
ship/ship_0465.png,image/png,ship,128396,79ff437064a2473139a9859282bc5a24e7a904e8797ad30b5f09fd7075725d7a,455,341,L
ship/ship_0466.png,image/png,ship,178397,ac05ae89305c9fe85ef491e4c015c600a9cb37a47853faacfaa84897a0efdbeb,451,428,L
ship/ship_0467.png,image/png,ship,261570,8bdda27138a09fafe3e501715b058338202d34086429787121da3d046f9039b5,678,472,L
ship/ship_0468.png,image/png,ship,309337,c807ae94627c6d6dc5b9ef6b6578e650357cc15230d052798f4b81375d08afbe,608,550,L
ship/ship_0469.png,image/png,ship,128636,a5e782dfa46f77d7b7853ff56e0f43e120793123223a12f720635944e21c2717,506,300,L
ship/ship_0470.png,image/png,ship,204817,b943c4ea5432ab9e9393222abef04372a8ad41c8f468f17f9f6ff2519b1f1eca,533,546,L
ship/ship_0471.png,image/png,ship,145987,90d8a5bd7181575c75969dfc64ca5120d0cd861cc3afe169a10b8842a165bc62,397,434,L
ship/ship_0472.png,image/png,ship,136022,b5c0bf19e8afabd27595c701198f8dd1894a13f53a769d047c60475c3c08d052,577,274,L
ship/ship_0473.png,image/png,ship,373900,3b02bfcbf119d8b6d6c61f4105a44f04fc1362ae1ccba4fce047e969333402fe,652,624,L
ship/ship_0474.png,image/png,ship,176796,78ccae990a76944cbee56472d5fe00f3c1aa65c7c7e9a15cdded6a6c2e62090c,386,599,L
ship/ship_0475.png,image/png,ship,197853,61cd2c36e9ff8a6ab293482f4d65f9bbb33dbee2317b7c356e8a4799042a61fe,545,387,L
ship/ship_0476.png,image/png,ship,209912,cda5b1028731f1e77783100f32636b413720f35e13bc268a9e9f99fb8943f6e5,540,485,L
ship/ship_0477.png,image/png,ship,215652,df521ee937e701efdeed2b6cd103c32d17ba1f2d00ab04c9aba3f30c4d3f7d58,426,519,L
ship/ship_0478.png,image/png,ship,290233,47ffa2302123488830029b7028cc54994547bc5f6cd7ab4bf3651055a2905b15,481,699,L
ship/ship_0479.png,image/png,ship,208763,796cdfe278a7730396df3ef6b71861a4653cbc12762493fb42b6e6305311edea,392,644,L
ship/ship_0480.png,image/png,ship,110775,fa113ce165e0e2b46a3e5505ceafc5a1c9ca418377c35b8759d5db1d1f916657,308,514,L
ship/ship_0481.png,image/png,ship,261603,789b1e3b525fa16a3811a654b9e9ff5bc5ee22631d82049920811e87993fb1a1,494,565,L
ship/ship_0482.png,image/png,ship,109950,eadbc72306cf6c5d1511674ef68e0f6a86ba3c54f8a44776344f3399c1f48464,356,354,L
ship/ship_0483.png,image/png,ship,225043,1877db1966437ba5ab223c7f3795ffd46223284c01232ce7178d0372d2f8c7dd,682,412,L
ship/ship_0484.png,image/png,ship,171199,c537863c897fd709598efb939839fba5cbb2f7fba9860bbc15d39515ea724ddf,401,457,L
ship/ship_0485.png,image/png,ship,141641,01a4aaaa318580f14b86a02cebc7ee0003ba80f27e2f7c2005eb8b25935c0f99,361,415,L
ship/ship_0486.png,image/png,ship,216346,49a44f354dd8700edb6db22dda9a2a5d84ce43d1d810ab4100d2409c5dc02d8a,471,491,L
ship/ship_0487.png,image/png,ship,200849,84f1a49e2ed22234b9d75aeb257820b35c0219d1df322f7e3ea9f797bef0a80c,613,396,L
ship/ship_0488.png,image/png,ship,188442,317b55a60df462aa8ddf14e94c9bbd982c7910a7a156364b408e435823647675,334,651,L
ship/ship_0489.png,image/png,ship,165185,0e574c28137723baf463aea56a58dea4f9d3e5154013a7cfdd36ab6410948e47,533,343,L
ship/ship_0490.png,image/png,ship,291907,969ed002c415f0fab7d3019a3d1f2362fda629b57f41f7cde84c6d574cec3555,659,493,L
ship/ship_labels.csv,text/csv,ship,54802,e41b2968c2783f64d0a86b283db4be45dbaedf06219074442a6df44cb9dc1ebd,,,
